{
	"class_name" : "PinholeCameraParameters",
	"extrinsic" : 
	[
		0.96797394878314413,
		0.21976342308757835,
		0.12136915732589243,
		0.0,
		0.1808594974505757,
		-0.94572477901391383,
		0.26998978599385781,
		0.0,
		0.17411569905982746,
		-0.23939231447962975,
		-0.95518325106180213,
		0.0,
		-112.17613357693389,
		-39.75115415312419,
		759.82623553503879,
		1.0
	],
	"intrinsic" : 
	{
		"height" : 1080,
		"intrinsic_matrix" : 
		[
			935.30743608719376,
			0.0,
			0.0,
			0.0,
			935.30743608719376,
			0.0,
			959.5,
			539.5,
			1.0
		],
		"width" : 1920
	},
	"version_major" : 1,
	"version_minor" : 0
}